{"0":-0.1264431328,"1":0.2410920113,"2":0.2132070065,"3":0.3209600151,"4":-0.1716562808,"5":-0.2265242189,"6":0.1561776251,"7":-0.0599412322,"8":-0.0158131775,"9":-0.1292259693,"10":0.2940559089,"11":-0.1024912298,"12":0.204281196,"13":-0.1451821178,"14":-0.0355970412,"15":0.2631381154,"16":-0.0829762071,"17":-0.1317893267,"18":-0.1068794876,"19":0.0246604327,"20":-0.1573517025,"21":0.064527683,"22":0.1326461434,"23":-0.2746785283,"24":0.1145889536,"25":0.1038678661,"26":-0.1368821561,"27":-0.2404662222,"28":-0.271069169,"29":0.1382620186,"30":-0.0056797978,"31":-0.2646733522}
{"0":-0.0941188857,"1":0.0003304567,"2":0.1400502026,"3":-0.0358507261,"4":-0.0062318519,"5":-0.1342956722,"6":-0.1519302577,"7":-0.2079535723,"8":0.2057427615,"9":0.056804195,"10":0.2047076076,"11":-0.2787141204,"12":-0.2821803987,"13":-0.0844389796,"14":0.1283468306,"15":0.0823514238,"16":-0.4638959467,"17":0.0447393097,"18":0.1578134894,"19":0.1107140929,"20":-0.0244761202,"21":-0.1182022765,"22":0.1885915995,"23":-0.0532715432,"24":0.1549831778,"25":0.3201011419,"26":-0.158794716,"27":-0.1536731571,"28":-0.2199935913,"29":0.2239690423,"30":-0.0152300065,"31":-0.1709988713}
{"0":-0.042407196,"1":0.4199475944,"2":-0.1445444971,"3":0.0568297058,"4":-0.157014966,"5":-0.22625494,"6":0.0252621975,"7":-0.169218719,"8":0.0660005286,"9":-0.1212780103,"10":0.1038312986,"11":0.0426517054,"12":0.3729616702,"13":-0.0654480234,"14":-0.0990013108,"15":0.3013814092,"16":0.0695134029,"17":0.2762911618,"18":-0.3925977647,"19":-0.0341004878,"20":-0.0101813329,"21":0.0689620599,"22":-0.0606505387,"23":-0.01151588,"24":-0.1287734807,"25":-0.0191515367,"26":0.2589067519,"27":-0.185934782,"28":-0.1812948883,"29":0.0291462801,"30":0.0863558501,"31":-0.1098198891}
{"0":-0.1959311664,"1":-0.0501276478,"2":0.0241054334,"3":0.3584913015,"4":-0.1588567644,"5":-0.3173367679,"6":-0.0488735177,"7":0.1305262297,"8":0.0696208254,"9":-0.2122062743,"10":0.1478590816,"11":-0.0572132282,"12":0.1289024502,"13":-0.3553874195,"14":-0.1604050547,"15":-0.0754095465,"16":-0.0512172133,"17":-0.2820213139,"18":-0.1297191978,"19":0.0243860986,"20":0.0308168288,"21":0.0637686476,"22":0.0169184897,"23":0.1050541326,"24":0.1069489643,"25":0.0528356954,"26":-0.3067876101,"27":-0.2205988616,"28":-0.2283314168,"29":0.1809823513,"30":-0.0241957847,"31":-0.2772785425}
{"0":0.2908811569,"1":0.1998649836,"2":0.024313001,"3":-0.190737009,"4":-0.3487276733,"5":-0.1866932213,"6":0.0618556626,"7":-0.2401526123,"8":0.2549222708,"9":-0.0237405393,"10":0.0935032964,"11":0.1522963494,"12":-0.0245573819,"13":0.1124462858,"14":0.2447603494,"15":-0.2040936351,"16":-0.2377701104,"17":0.2366140336,"18":0.137614131,"19":0.1935734898,"20":0.1681710482,"21":-0.1249162182,"22":0.2098374963,"23":0.1188068613,"24":-0.1200965941,"25":0.1581987292,"26":-0.0794645846,"27":0.0214326493,"28":0.0549280494,"29":0.1204930767,"30":-0.0769719481,"31":0.2599319518}
{"0":-0.2548885942,"1":-0.0305275992,"2":0.3104146421,"3":0.2829620242,"4":0.1334914118,"5":-0.154655233,"6":-0.1298684776,"7":-0.2351123691,"8":0.1042103618,"9":0.013617957,"10":-0.1335657686,"11":-0.1381595433,"12":0.1458228379,"13":-0.0839032009,"14":-0.3434478343,"15":0.1533721387,"16":-0.086959824,"17":-0.0586074777,"18":-0.1164228842,"19":-0.0511176698,"20":0.1099895611,"21":0.1987099349,"22":-0.0066737365,"23":0.086143598,"24":-0.1850335896,"25":-0.0734276325,"26":0.3011205792,"27":-0.1289887875,"28":0.1876440346,"29":0.0471816994,"30":-0.0618629493,"31":-0.3893839717}
{"0":-0.0603067651,"1":0.083431378,"2":-0.0020461916,"3":0.0368061289,"4":-0.0817903429,"5":0.3379776776,"6":-0.1433529854,"7":-0.1226074472,"8":0.285353899,"9":0.0010690291,"10":0.2441851497,"11":-0.289760977,"12":-0.2486224473,"13":0.219422996,"14":-0.1454211622,"15":-0.0365842655,"16":0.1216087192,"17":-0.0054045296,"18":0.4275039434,"19":0.2178787142,"20":-0.088132821,"21":-0.0997613072,"22":0.2058662623,"23":-0.0172831733,"24":0.2313167155,"25":0.1805629134,"26":0.0508683659,"27":-0.0505642891,"28":0.0593740307,"29":0.0638569668,"30":-0.1681748629,"31":-0.2036975175}
{"0":-0.030240763,"1":-0.2441034317,"2":-0.1156164706,"3":-0.323884517,"4":-0.2110947818,"5":0.1871235967,"6":-0.0300914571,"7":-0.1117643714,"8":-0.0117707914,"9":0.1201130226,"10":-0.064552255,"11":-0.0982194245,"12":-0.4366073608,"13":-0.0442243293,"14":0.1280159503,"15":-0.3133219182,"16":-0.0795184821,"17":0.0509011149,"18":0.2409439981,"19":-0.0362513736,"20":0.2028785497,"21":-0.0327603295,"22":0.1434908956,"23":0.2784162462,"24":-0.0763211697,"25":-0.0190744642,"26":0.0529848933,"27":0.3257423043,"28":0.1301023215,"29":0.1933732182,"30":-0.0257725697,"31":-0.1184431389}
{"0":0.1213941872,"1":-0.0608885959,"2":0.1506711245,"3":0.1783312857,"4":-0.2640758157,"5":0.0049637519,"6":-0.1868371814,"7":-0.0797825828,"8":0.13245067,"9":-0.065474391,"10":0.1204159483,"11":0.0806847215,"12":-0.3405897617,"13":-0.0208979268,"14":-0.1585008204,"15":0.1092871055,"16":0.1393689811,"17":-0.174705103,"18":-0.0652994737,"19":-0.1946313828,"20":0.2821177244,"21":-0.1983598024,"22":-0.084496811,"23":0.1647965163,"24":0.3593601882,"25":0.115117982,"26":-0.3463456929,"27":0.0536945537,"28":0.0319183394,"29":0.0974097922,"30":-0.1996038705,"31":-0.2424222976}
{"0":0.1831474155,"1":0.3130902946,"2":0.0742892623,"3":-0.1057907864,"4":-0.1925228685,"5":0.0890727043,"6":-0.2018303722,"7":0.1181366593,"8":0.2737321556,"9":-0.0314872079,"10":0.1147614792,"11":0.0657761395,"12":0.1218635216,"13":0.1296858042,"14":0.2560049593,"15":-0.3073626757,"16":-0.1159661412,"17":0.1026544496,"18":-0.158273682,"19":0.2285838872,"20":0.1956694424,"21":-0.0220792834,"22":0.0813670754,"23":-0.0359817445,"24":-0.0279427692,"25":0.3316631913,"26":0.3258647919,"27":-0.091694586,"28":0.0572616681,"29":0.1088465527,"30":-0.1618977189,"31":-0.2285655588}
{"0":-0.3040366471,"1":-0.047505226,"2":0.159281835,"3":-0.1044668257,"4":-0.0615295582,"5":-0.2185604721,"6":-0.0739627108,"7":-0.1469382495,"8":-0.1867907941,"9":0.1263184845,"10":0.0365273133,"11":-0.1745907813,"12":0.1435155869,"13":-0.1948406845,"14":-0.1467574239,"15":-0.1134772003,"16":-0.157485649,"17":0.1299118251,"18":-0.1029779613,"19":-0.42676723,"20":-0.0846898779,"21":-0.2212444395,"22":-0.1086629331,"23":0.2112096995,"24":-0.1019167006,"25":0.2843331397,"26":-0.0001391752,"27":-0.3301358223,"28":-0.1099137664,"29":0.1840595007,"30":0.0746147409,"31":-0.1267544776}
{"0":-0.0775398985,"1":0.1931320429,"2":-0.0628259182,"3":-0.2298610806,"4":-0.0629951209,"5":-0.1568808407,"6":-0.0663627237,"7":-0.2979321182,"8":0.149395749,"9":0.2168747038,"10":0.0469246618,"11":0.0685924962,"12":-0.3287426233,"13":-0.0370999239,"14":0.1202113032,"15":0.1408920884,"16":-0.061465431,"17":0.180349201,"18":0.1945397109,"19":0.3605224788,"20":-0.0928708166,"21":-0.1299269348,"22":0.1715181023,"23":0.0017415927,"24":0.2669698894,"25":0.3549292088,"26":0.0120739443,"27":-0.2053301185,"28":0.1391777992,"29":-0.0471473262,"30":0.0686300695,"31":-0.182307139}
{"0":-0.0369265117,"1":0.0654568374,"2":-0.0176865216,"3":0.0251003001,"4":-0.3855544031,"5":-0.1363680959,"6":-0.1529445648,"7":0.1013603956,"8":0.2085751742,"9":0.0540309101,"10":0.0318269469,"11":-0.1879353523,"12":-0.1547736824,"13":-0.078722097,"14":-0.0176769011,"15":0.035009902,"16":-0.1743572652,"17":-0.2364912629,"18":-0.1506977826,"19":0.1268155277,"20":0.1515686065,"21":-0.3091537654,"22":-0.1101527512,"23":0.236829415,"24":-0.0621489808,"25":0.4095665514,"26":-0.0251024924,"27":-0.2924015224,"28":0.1915778667,"29":0.0602029674,"30":-0.1133667752,"31":-0.2350381017}
{"0":0.0985484198,"1":0.0859448165,"2":0.464638412,"3":0.025014095,"4":-0.2429770082,"5":-0.0836732239,"6":-0.0275707506,"7":-0.1254318058,"8":0.3578241765,"9":-0.1673249155,"10":0.1865943521,"11":-0.0180064645,"12":-0.1878052801,"13":0.1335606873,"14":0.0007149802,"15":0.0798996985,"16":-0.2863429785,"17":-0.0911450759,"18":-0.1419831067,"19":0.041409269,"20":0.4422496557,"21":0.0938910767,"22":-0.0820545778,"23":-0.1087993905,